Workbook

Sheet Oppsummering
A1: Oppsummering av timelister i prosjekt nr: 8
A3: Ukenr | B3: Daniel | C3: Aleksander | D3: "Person nr 3" | E3: Sum timer pr uke
A4: 2 | B4: ='Uke 2'!C19 -> 9 | C4: ='Uke 2'!C38 -> 5 | D4: ='Uke 2'!C57 -> 0 | E4: =SUM(B4:D4) -> 14
A5: 3 | B5: ='Uke 3'!C19 -> 8.5 | C5: ='Uke 3'!C38 -> 7.5 | D5: ='Uke 3'!C57 -> 0 | E5: =SUM(B5:D5) -> 16
A6: 4 | B6: ='Uke 4'!C19 -> 15 | C6: ='Uke 4'!C38 -> 14 | D6: ='Uke 4'!C57 -> 0 | E6: =SUM(B6:D6) -> 29
A7: 5 | B7: ='Uke 5'!C19 -> 24.5 | C7: ='Uke 5'!C38 -> 20.5 | D7: ='Uke 5'!C57 -> 0 | E7: =SUM(B7:D7) -> 45
A8: 6 | B8: ='Uke 6'!C19 -> 22.5 | C8: ='Uke 6'!C38 -> 23.5 | D8: ='Uke 6'!C57 -> 0 | E8: =SUM(B8:D8) -> 46
A9: 7 | B9: ='Uke 7'!C19 -> 13.5 | C9: ='Uke 7'!C38 -> 17.5 | D9: ='Uke 7'!C57 -> 0 | E9: =SUM(B9:D9) -> 31
A10: 8 | B10: ='Uke 8'!C19 -> 20 | C10: ='Uke 8'!C38 -> 23 | D10: ='Uke 8'!C57 -> 0 | E10: =SUM(B10:D10) -> 43
A11: 9 | B11: ='Uke 9'!C19 -> 19.5 | C11: ='Uke 9'!C38 -> 13.5 | D11: ='Uke 9'!C57 -> 0 | E11: =SUM(B11:D11) -> 33
A12: 10 | B12: ='Uke 10'!C19 -> 30.5 | C12: ='Uke 10'!C38 -> 24.5 | D12: ='Uke 10'!C57 -> 0 | E12: =SUM(B12:D12) -> 55
A13: 11 | B13: ='Uke 11'!C19 -> 23 | C13: ='Uke 11'!C38 -> 23 | D13: ='Uke 11'!C57 -> 0 | E13: =SUM(B13:D13) -> 46
A14: 12 | B14: ='Uke 12'!C19 -> 22.5 | C14: ='Uke 12'!C38 -> 19.5 | D14: ='Uke 12'!C57 -> 0 | E14: =SUM(B14:D14) -> 42
A15: 13 | B15: ='Uke 13'!C19 -> 25.25 | C15: ='Uke 13'!C38 -> 17 | D15: ='Uke 13'!C57 -> 0 | E15: =SUM(B15:D15) -> 42.25
A16: 14 | B16: ='Uke 14'!C19 -> 16.5 | C16: ='Uke 14'!C38 -> 16 | D16: ='Uke 14'!C57 -> 0 | E16: =SUM(B16:D16) -> 32.5
A17: 15 | B17: ='Uke 15'!C19 -> 22 | C17: ='Uke 15'!C38 -> 21 | D17: ='Uke 15'!C57 -> 0 | E17: =SUM(B17:D17) -> 43
A18: 16 | B18: ='Uke 16'!C19 -> 2 | C18: ='Uke 16'!C38 -> 6 | D18: ='Uke 16'!C57 -> 0 | E18: =SUM(B18:D18) -> 8
A19: 17 | B19: ='Uke 17'!C19 -> 28 | C19: ='Uke 17'!C38 -> 27 | D19: ='Uke 17'!C57 -> 0 | E19: =SUM(B19:D19) -> 55
A20: 18 | B20: ='Uke 18'!C19 -> 23 | C20: ='Uke 18'!C38 -> 22.5 | D20: ='Uke 18'!C57 -> 0 | E20: =SUM(B20:D20) -> 45.5
A21: 19 | B21: ='Uke 19'!C19 -> 35 | C21: ='Uke 19'!C38 -> 36 | D21: ='Uke 19'!C57 -> 0 | E21: =SUM(B21:D21) -> 71
A22: 20 | B22: ='Uke 20-23'!C19 -> 125 | C22: ='Uke 20-23'!C38 -> 105.5 | D22: ='Uke 20-23'!C57 -> 0 | E22: =SUM(B22:D22) -> 230.5
A23: Sum antall timer pr person/totalt | B23: =SUM(B4:B22) -> 485.25 | C23: =SUM(C4:C22) -> 442.5 | D23: =SUM(D4:D22) -> 0 | E23: =SUM(E4:E22) -> 927.75

Sheet Uke 2
A1: Timelister med statusrapporter | F1: Ukerapport
F2: Daniel: Daniel var med på møte med veileder og kunde, gjorde dokumentasjon og forskning rundt oppgaven. Aleksander: Aleksander var med på møte med veileder og kunde, og arbeidet med dokumentasjon. Overordnet vurdering: Uke 2 var en oppstartsuke med hovedfokus på å avklarte prosjektet, og starte med den obligatoriske dokumentasjonen.
A3: Timeliste | C3: Daniel
A4: Aktivitet | B4: Kategori | C4: Antall timer
A5: Møte med veileder og Kunde | B5: Møte | C5: 3
A6: Dokumentasjon | B6: Dokumentasjon | C6: 2
A7: Forskning | B7: Forskning / Analyse | C7: 4
A19: Ukesum uke 2 | C19: =SUM(C5:C18) -> 9
A22: Timeliste | C22: Aleksander
A23: Aktivitet | B23: Kategori | C23: Antall timer
A24: Møte med veileder og Kunde | B24: Møte | C24: 3
A25: Dokumentasjon | B25: Dokumentasjon | C25: 2
A38: =A19 -> Ukesum uke 2 | C38: =SUM(C24:C37) -> 5
A41: Timeliste | C41: "Person nr 3"
A42: Aktivitet | B42: Kategori | C42: Antall timer
A57: =A19 -> Ukesum uke 2 | C57: =SUM(C43:C56) -> 0

Sheet Uke 3
A1: Timelister med statusrapporter | F1: Ukerapport
F2: Daniel: Daniel deltok i møte med veileder og kunde, og arbeidet med forprosjektplan og tilhørende dokumentasjon, forsket også rundt prosjekte. Aleksander: Aleksander deltok i møte med veileder og kunde, og arbeidet med forprosjektplan og dokumentasjon.det var også gjort forskning rundt prosjektet Overordnet vurdering: Uke 3 var en fortsettelse av oppstarten i uke 2, med fokus på møte og veiledning, samt forprosjektplan og annen dokumentasjon.
A3: Timeliste | C3: Daniel
A4: Aktivitet | B4: Kategori | C4: Antall timer
A5: Møte med veileder og kunde | B5: Møte | C5: 2.5
A6: Arbeid på forprosjektplan og dokumenter | B6: Dokumentasjon | C6: 4
A7: Forskning | B7: Forskning | C7: 2
A19: Ukesum uke 3 | C19: =SUM(C5:C18) -> 8.5
A22: Timeliste | C22: Aleksander
A23: Aktivitet | B23: Kategori | C23: Antall timer
A24: Møte med veileder og kunde | B24: Møte | C24: 2.5
A25: Arbeid på forprosjektplan og dokumenter | B25: Dokumentasjon | C25: 4
A26: Forskning | B26: Forskning | C26: 1
A38: =A19 -> Ukesum uke 3 | C38: =SUM(C24:C37) -> 7.5
A41: Timeliste | C41: "Person nr 3"
A42: Aktivitet | B42: Kategori | C42: Antall timer
A57: =A19 -> Ukesum uke 3 | C57: =SUM(C43:C56) -> 0

Sheet Uke 4
A1: Timelister med statusrapporter | F1: Ukerapport
F2: Daniel: Daniel gjort sprint møte og dokumentasjon. og arbeidet med design av nettsiden. Dokumentasjon innebærte oppsett av maler og kontrakter Aleksander: Aleksander jobbet på forprosjektplan,, begynte å se på rapporten og andre dokumenter og arbeidet på forprosjektplanen. Dokumentasjon innebærte oppsett av maler og kontrakter Overordnet vurdering: Uke 4 var innledende arbeid på hvordan nettsiden skal være, og dokumentasjons arbeid samt arbeid på obligatoriske delet som forprosjektplan . sprint retrospective startet også denne uken
A3: Timeliste | C3: "Person nr 1"
A4: Aktivitet | B4: Kategori | C4: Antall timer
A5: Sprint møte og dokumentasjon | B5: Møte / Dokumentasjon | C5: 9
A6: Nettside Design | B6: Design og prototyping | C6: 5
A7: Forskning | B7: Forskning | C7: 1
A19: Ukesum uke 4 | C19: =SUM(C5:C18) -> 15
A22: Timeliste | C22: Aleksander
A23: Aktivitet | B23: Kategori | C23: Antall timer
A24: Jobb på forprosjektplan, og andre dokumenter samt rapport | B24: Dokumentasjon | C24: 9
A25: Nettside Design | B25: Design og prototyping | C25: 5
A38: =A19 -> Ukesum uke 4 | C38: =SUM(C24:C37) -> 14
A41: Timeliste | C41: "Person nr 3"
A42: Aktivitet | B42: Kategori | C42: Antall timer
A57: =A19 -> Ukesum uke 4 | C57: =SUM(C43:C56) -> 0

Sheet Uke 5
A1: Timelister med statusrapporter | F1: Ukerapport
F2: Daniel jobbet på mockup av siden, figma design og dokument, det var også møte med veileder og individuel forskning. Aleksander jobbet også på mocuk av siden, figma design, og var med på møte med veileder, samt individuel forskning det var også utført flere daily standups. Overordnet vurdering: Uke 5 started det skikkelig arbeidet rundt siden med design, noe som fikk god tilbakemelding.
A3: Timeliste | C3: "Person nr 1"
A4: Aktivitet | B4: Kategori | C4: Antall timer
A5: Jobb på mockup av siden, og dokumenter | B5: Design og prototyping | C5: 3.5
A6: Ferdiggjøring av figma design og dokumenter | B6: Design og prototyping | C6: 5
A7: Forskning, møte med kunde, sprint møte | B7: Møter og forskning | C7: 5.5
A8: møte med veileder | B8: Møte | C8: 1
A9: Forskning | B9: Forskning | C9: 7
A10: Daily stand ups | B10: Møte | C10: 2.5
A19: Ukesum uke 5 | C19: =SUM(C5:C18) -> 24.5
A22: Timeliste | C22: Aleksander
A23: Aktivitet | B23: Kategori | C23: Antall timer
A24: Jobb på mockup av siden, og dokumenter, forskning | B24: Design og prototyping | C24: 3.5
A25: Ferdiggjøring av mockup og dokumenter | B25: Design og prototyping | C25: 5
A26: Forskning, møte med kunde, sprint møte | B26: Forskning og møter. | C26: 5.5
A27: møte med veileder | B27: Møte | C27: 1
A28: Forskning | B28: Forskning | C28: 3
A29: Daily stand ups | B29: Møte | C29: 2.5
A38: =A19 -> Ukesum uke 5 | C38: =SUM(C24:C37) -> 20.5
A41: Timeliste | C41: "Person nr 3"
A42: Aktivitet | B42: Kategori | C42: Antall timer
A57: =A19 -> Ukesum uke 5 | C57: =SUM(C43:C56) -> 0

Sheet Uke 6
A1: Timelister med statusrapporter | F1: Ukerapport
F2: Daniel arbeidet med invidiuel forskning rundt prosjektet, dokumentasjon, oppsett av nettside. og forskning og oppsett av tester i react. Aleksander forsket rundt prosjekte , prøvde oppsett av maplibre mest denne uken, og repeterte react konsepter gjennom internet. Det var utført workshop innen bærekraft som begge gruppemedlemmer var med på, samt daily standup. overordnet vurdering: denne uken fungerte bra, det var started med sprint review, noen problemr var sykdom
A3: Timeliste | C3: Daniel
A4: Aktivitet | B4: Kategori | C4: Antall timer
A5: Forskning | B5: Møte | C5: 5
A6: Dokumentasjon | B6: Dokumentasjon | C6: 2
A7: Sett opp nettside | B7: Frontend | C7: 2
A8: Forskning på react testing | B8: Forskning | C8: 4
A9: workshop innen bærekraft | B9: Workshop | C9: 4
A10: Oppsetting av react testing | B10: Frontend | C10: 3
A11: Daily stand ups | B11: Møte | C11: 2.5
A19: Ukesum uke 6 | C19: =SUM(C5:C18) -> 22.5
A22: Timeliste | C22: Aleksander
A23: Aktivitet | B23: Kategori | C23: Antall timer
A24: Forskning | B24: Forskning | C24: 4
A25: Prøve oppsett av maplibre på react prosjektet | B25: Frontend | C25: 5
A26: Forskning og oppsett av maplibre | B26: Forskning | C26: 6
A27: Repetering av react | B27: Forskning | C27: 2
A28: workshop innen bærekraft. | B28: Workshop | C28: 4
A29: Daily stand ups | B29: Møte | C29: 2.5
A38: =A19 -> Ukesum uke 6 | C38: =SUM(C24:C37) -> 23.5
A41: Timeliste | C41: "Person nr 3"
A42: Aktivitet | B42: Kategori | C42: Antall timer
A57: =A19 -> Ukesum uke 6 | C57: =SUM(C43:C56) -> 0

Sheet Uke 7
A1: Timelister med statusrapporter | F1: Ukerapport
F2: Daniel: Daniel arbeidet med sprint review, oppdatering av dokumentasjon, det var gjennomført møteinkalling og møte, og sprint planning dokument. Aleksander: Aleksander arbeidet med docker, spesielt på å finne ut hvordan det fungerer, forkse på hvilken visualiserings biblioteker man skal bruke med kunden, og startet visualiseringsarbeid. det var også møte med kunde og veileder samt noe arbeid på rapport og dokumenter begge deltok på daily stand ups Overordnet vurdering: Uke 7 var en produktiv uke med fokus på teknisk arbeid med docker, tidlig visualiserings arbeid, selv om arbeidskapasitet var redusert grunnet sykdom
A3: Timeliste | C3: Daniel
A4: Aktivitet | B4: Kategori | C4: Antall timer
A5: sprint review | B5: Møte/dokumentasjon | C5: 1
A6: Oppdatering av dokumentasjon | B6: Dokumentasjon | C6: 6
A7: Sette opp møteinkalling og Sprint Planning dokument | B7: Dokumentasjon | C7: 4
A8: møte med kunde og veileder | B8: Møte/dokumentasjon | C8: 1
A9: Daily stand ups | B9: Møte/dokumentasjon | C9: 1.5
A19: Ukesum uke 7 | C19: =SUM(C5:C18) -> 13.5
A22: Timeliste | C22: Aleksander
A23: Aktivitet | B23: Kategori | C23: Antall timer
A24: sprint review | B24: Møte | C24: 1
A25: Docker tutorial for backend | B25: Forskning | C25: 1
A26: få backend til å kommunisere med frontend | B26: Frontend/Backend | C26: 4
A27: forske på biblioteker for visualisering, kommunisere med kunde | B27: Forskning | C27: 4
A28: starte visualisering av data på frontend | B28: Forskning | C28: 1
A29: møte med kunde | B29: Møte | C29: 0.5
A30: Møte med veileder | B30: Møte | C30: 0.5
A31: Jobbe på rapport/dokumenter | B31: Dokumentasjon/Rapport | C31: 4
A32: Daily stand ups | B32: Møte | C32: 1.5
A38: =A19 -> Ukesum uke 7 | C38: =SUM(C24:C37) -> 17.5
A41: Timeliste | C41: "Person nr 3"
A42: Aktivitet | B42: Kategori | C42: Antall timer
A57: =A19 -> Ukesum uke 7 | C57: =SUM(C43:C56) -> 0

Sheet Uke 8
A1: Timelister med statusrapporter | F1: Ukerapport
F2: Daniel: Daniel arbeidet med sprint dokumentasjon, forskning på design og komponenter, utvilking av sidebare og shipinfo komponent. det var fiksing av problem med nettsiden og forskning rundt design ot testing. Også daily stand ups var utført. Aleksander: Aleksander arbeidet med visualiseringsmetode gjennom Deck.gl, same forskning på decl-gø- Begge medlemmer utførte daily stand ups. det var utført kodefiksing på feil i layering. Diverse administrative github oppgaver som issues etc, det var også forskning rund cluster implemntations og arbeid på dokumenter. Også daily stand ups var utført. Overordnet vurdering: Uke 8 var en utviklingsuke med fokus på frontend- og visualiseringsarbeid, fokuset rundt visualisering var å få til nye metoder. Fremdriften var god, men noe arbeid tok mer tid enn forventet på grunn av kompleksistet rundt visualiseringsmetoden og bibliotekene brukt
A3: Timeliste | C3: Daniel
A4: Aktivitet | B4: Kategori | C4: Antall timer
A5: Jobbing med sprint dokumentasjon | B5: Dokumentasjon | C5: 3
A6: Forskning på design og components | B6: Forskning | C6: 3
A7: Laging av sidebar og shipinfo components | B7: Frontend | C7: 4
A8: Fiksing av problem med nettsiden | B8: Frontend | C8: 3
A9: Laging av settingsbar component | B9: Frontend | C9: 2
A10: Forskning på Vite Testing | B10: Frontend | C10: 1
A11: Forskning på design og functions | B11: Frontend | C11: 2
A12: Daily stand ups | B12: Møte | C12: 2
A19: Ukesum uke 8 | C19: =SUM(C5:C18) -> 20
A22: Timeliste | C22: Aleksander
A23: Aktivitet | B23: Kategori | C23: Antall timer
A24: Arbeide på dokumenter | B24: Dokumentasjon | C24: 1
A25: Forske på rammeverket Deck.gl | B25: Forskning | C25: 4
A26: Forske på deckgl dag 2 | B26: Forskning | C26: 2
A27: Implementere en deckgl visualiseringsmetode | B27: Frontend | C27: 4
A28: Sette opp skikkelig visualisering av heatmap og iconlayer | B28: Frontend | C28: 4
A29: fikse kode på layering, hjelpemetode etc. | B29: Frontend | C29: 1
A30: diverse administrativt github etc, forskning | B30: Forskning / dokumentasjon | C30: 2
A31: forskning på hvordan cluster skal implementers, kontakt med kunde | B31: Forskning | C31: 3
A32: Daily stand ups | B32: Møte | C32: 2
A38: =A19 -> Ukesum uke 8 | C38: =SUM(C24:C37) -> 23
A41: Timeliste | C41: "Person nr 3"
A42: Aktivitet | B42: Kategori | C42: Antall timer
A57: =A19 -> Ukesum uke 8 | C57: =SUM(C43:C56) -> 0

Sheet Uke 9
A1: Timelister med statusrapporter | F1: Ukerapport
F2: Daniel: Daniel arbeidet med sprintdokumentasjon, utvikling av setting bar-komponent, samt arbeid med polering av komponentene. Det var gjennomført møte med kunde, daglige stand ups, og forskning rundt visualiseringsmetode grunne kundetilbakemelding og forskninng på andre bachelorer. Aleksander: Aleksander arbeidet med clustering av datapunkt med iconlayer og supercluster., forskning rundt rapporten samt rapportskrivning, møte og kommunikasjon med kunden, Begge gruppemedlemmer var med på daily stand ups. Overordnet vurdering: Uke 9 hadde fokus på funksjonalitet og polering av kode, same mer forskning rundt bachelor og rapporten. Det var også mer kommunikasjon med kunden
A3: Timeliste | C3: "Person nr 1"
A4: Aktivitet | B4: Kategori | C4: Antall timer
A5: Sprint Dokument | B5: Dokumentasjon | C5: 2
A6: Laging av setting bar component | B6: Frontend | C6: 6
A7: Polish av components og kode | B7: Frontend | C7: 3
A8: Meeting with customer | B8: Møte | C8: 1
A9: Research for vizualisation methods based on customer feedback | B9: Forskning | C9: 2
A10: Polish of design on figma | B10: Design | C10: 2
A11: Sprint Meeting and retrospective | B11: Møte / Dokumentasjon | C11: 1
A12: Research on other bachelors | B12: Forskning | C12: 1
A13: Daily stand ups | B13: Møte | C13: 1.5
A19: Ukesum uke 9 | C19: =SUM(C5:C18) -> 19.5
A22: Timeliste | C22: Aleksander
A23: Aktivitet | B23: Kategori | C23: Antall timer
A24: Digital kommunikasjon innad i gruppe og med kunde, div administrativt | B24: Kommunikasjon / Dokumentasjon | C24: 1
A25: Integrering av clustering av datapunkt via iconlayer og supercluster. (sitter fast) | B25: Frontend | C25: 4
A26: Forskning for rapporten | B26: Forskning | C26: 2
A27: Rapportskrivning | B27: Rapport | C27: 3
A28: Meeting with customer | B28: Møte | C28: 2
A29: Daily stand ups | B29: Møte | C29: 1.5
A38: =A19 -> Ukesum uke 9 | C38: =SUM(C24:C37) -> 13.5
A41: Timeliste | C41: "Person nr 3"
A42: Aktivitet | B42: Kategori | C42: Antall timer
A57: =A19 -> Ukesum uke 9 | C57: =SUM(C43:C56) -> 0

Sheet Uke 10
A1: Timelister med statusrapporter | F1: Ukerapport
F2: Daniel: Daniel arbeidet med sprintdokumentasjon og videre utvikling av rapportens, inkludert introduksjon og bruk av biblioteker i LaTeX. Det ble jobbet med forskning på andre bachelorrapporter, samt formatering av latex filer. Github actions war satt opp og arbeid på midtveispresentasjon. Det var en mer rapport tung uke. Det var også utført daily stand ups. og møte med veileder Aleksander: Aleksander arbeidet med visualiseringsdelen av prosjektet, innenforDeck.gl og Supercluster-integrasjon. Det ble jobbet med clustering av datapunkter og implementasjon av iconlayer visualisering. Arbeid på midtveispresentasjon og møte med veilede. samt arbeid på teori delen av rapporten og forskning for den, med daily stand ups Overordnet vurdering: Uke 10 var produktiv for gruppen, med mest fokus på visualisering og en del på rapporten. Det var ingen store problemer denne uken
A3: Timeliste | C3: Daniel
A4: Aktivitet | B4: Kategori | C4: Antall timer
A5: Sprint documentation following meeting and customer feedback | B5: Møte | C5: 4
A6: Researching other bachelor thesises and taking notes | B6: Forskning | C6: 5
A7: Working on introduction and libraries to use in our latex files. | B7: Rapport | C7: 3.5
A8: Worked on adding diffrent libraries to our latex file for a better reading experience. | B8: Rapport | C8: 3
A9: Worked on Introduction formatting and theoretical parts. | B9: Rapport | C9: 5
A10: Fixing formatting and gitignore for latex file. | B10: Rapport | C10: 1
A11: Set up github actions to automatically compile the Thesis. | B11: Administrativt | C11: 0.5
A12: Working on Report introduction polish | B12: Rapport | C12: 4
A13: Working on mid way presentation | B13: Presentasjon | C13: 2
A14: Daily stand ups | B14: Møte | C14: 2.5
A19: Ukesum uke 10 | C19: =SUM(C5:C18) -> 30.5
A22: Timeliste | C22: Aleksander
A23: Aktivitet | B23: Kategori | C23: Antall timer
A24: Work on deckgl cluster, researching how deckgl and maplibre works more also | B24: Frontend | C24: 5
A25: Analysing past reports | B25: Forskning | C25: 1
A26: Work on supercluster.js iconlayer clustering | B26: Frontend | C26: 4
A27: work on creating composite layer so that one can show point count for a cluster | B27: Frontend | C27: 5
A28: write on theory section of report / administrative wrote meeting note. | B28: Rapport | C28: 1
A29: Write on report / research for report | B29: Rapport | C29: 4.5
A30: Meeting with supervisor | B30: Møte | C30: 0.5
A31: Work on project presentation for 16 march. | B31: Presentasjon | C31: 1
A32: Daily stand ups | B32: Møte | C32: 2.5
A38: =A19 -> Ukesum uke 10 | C38: =SUM(C24:C37) -> 24.5
A41: Timeliste | C41: "Person nr 3"
A42: Aktivitet | B42: Kategori | C42: Antall timer
A57: =A19 -> Ukesum uke 10 | C57: =SUM(C43:C56) -> 0

Sheet Uke 11
A1: Timelister med statusrapporter | F1: Ukerapport
F2: Daniel: Daniel arbeidet med sprintdokumentasjon, backend forskning og oppsett, og på presentasjon og en filterkomponent. Aleksander: Aleksander jobbet videre med frontend med å kunne lage klikkbare datapunkter for anomalier med popup. Det ble også jobbet med rapportskriving og presentasjonsarbeid, samt daily stand ups Overordnet vurdering: uke 11 var produktiv med fokus på rapport, presentasjon og frontend utvikling med komponenter og funksjonalitet.
A3: Timeliste | C3: "Person nr 1"
A4: Aktivitet | B4: Kategori | C4: Antall timer
A5: Work on sprint documents and meeting and scope | B5: Møte / Dokumentasjon | C5: 4
A6: Studying and setting up backend | B6: Forskning / Backend | C6: 4
A7: Work on filter component and logic to handle 1 layer of data at a time | B7: Frontend | C7: 10
A8: Work on presentation | B8: Presentasjon | C8: 3
A9: Daily stand ups | B9: Møte | C9: 2
A19: Ukesum uke 11 | C19: =SUM(C5:C18) -> 23
A22: Timeliste | C22: Aleksander
A23: Aktivitet | B23: Kategori | C23: Antall timer
A24: Write on report | B24: Rapport | C24: 4
A25: Work on clickable data points on map with data popup | B25: Frontend | C25: 13
A26: Work on report and presentation for week 12. | B26: Rapport / Presentasjon | C26: 4
A27: Daily stand ups | B27: Møte | C27: 2
A38: =A19 -> Ukesum uke 11 | C38: =SUM(C24:C37) -> 23
A41: Timeliste | C41: "Person nr 3"
A42: Aktivitet | B42: Kategori | C42: Antall timer
A57: =A19 -> Ukesum uke 11 | C57: =SUM(C43:C56) -> 0

Sheet Uke 12
A1: Timelister med statusrapporter | F1: Ukerapport
F2: Daniel: Daniel arbeidet med videre utvikling av rapporten, med kilder for teori-delen, samt refaktorering av kode og oppsett av prosjektpresentasjon. Det ble også jobbet med sprintdokumentasjon. daniel hjalp også til med refaktorering, var på møte med veileder og hadde daily stand ups. Aleksander: Aleksander arbeidet med å refaktorere kode, spesielt innenfor å gjøre filer mer generelle og fokusert på en oppgave, dette mest innenfor kartet. Han var også i møte med veileder og var på midtveispresentasjon, samt utførte daily stand ups Overordnet vurdering: Uke 12 var preget av refaktorering og strukturering av kode, samt videre arbeid med rapport og teori. Bedre mer forståelig kode kom fra refaktorering, men gjorde at ny funksjonalitet ikke var jobbet på. også var det mindre arbeid på grunn av sykdom. det var flere ufullførte oppgaver denne uken.
A3: Timeliste | C3: "Person nr 1"
A4: Aktivitet | B4: Kategori | C4: Antall timer
A5: Prosjekt presentasjon på engelsk | B5: Presentasjon | C5: 2.5
A6: sprint møte og dokument | B6: Møte / dokumentasjon | C6: 3
A7: Samarbeid på kode for refaktoring | B7: Frontend | C7: 1
A8: Lese gjennom og ta notater på andre rapporter | B8: Forskning | C8: 5
A9: Finne god kilder for teori delen | B9: Forskning | C9: 2
A10: Jobbe på teori delen | B10: Rapport | C10: 6
A11: daily stand ups | B11: Møte | C11: 2
A12: Møte med veileder | B12: Møte | C12: 1
A19: Ukesum uke 12 | C19: =SUM(C5:C18) -> 22.5
A22: Timeliste | C22: Aleksander
A23: Aktivitet | B23: Kategori | C23: Antall timer
A24: Prosjekt presentasjon på engelsk | B24: Presentasjon | C24: 2.5
A25: Refaktorere kode | B25: Frontend | C25: 6
A26: Refaktorere kode | B26: Frontend | C26: 5
A27: refaktorere kode | B27: Frontend | C27: 3
A28: Møte med veileder | B28: Møte | C28: 1
A29: Daily stand ups | B29: Møte | C29: 2
A38: =A19 -> Ukesum uke 12 | C38: =SUM(C24:C37) -> 19.5
A41: Timeliste | C41: "Person nr 3"
A42: Aktivitet | B42: Kategori | C42: Antall timer
A57: =A19 -> Ukesum uke 12 | C57: =SUM(C43:C56) -> 0

Sheet Uke 13
A1: Timelister med statusrapporter | F1: Ukerapport
F2: Daniel: Daniel jobbet med rapporten, spesielt teori-delen og kildearbeid. Han bidro også med backend-arbeid og oppsett av ny funksjonalitet for søk av mmsi. I tillegg ble det jobbet med sprintdokumentasjon og møte med kunde. samt skrivekurs. Aleksander: Aleksander jobbet mest med frontend og videre utvikling av sidebar og funksjonalitet for kartet. Dette inkluderte kobling mot database, visning av data og forbedringer i komponentstruktur. Det ble også jobbet med presentasjon, veiledermøter og daily stand-ups. det var også oppsatt en fork av kunden sitt repository, som submodule slik at gruppen kunne arbeide på backend Overordnet vurdering: Uke 13 var produktiv, selv om noen mindre timer var brukt. arbeid på databasen tok store mengder tid.
A3: Timeliste | C3: "Person nr 1"
A4: Aktivitet | B4: Kategori | C4: Antall timer
A5: Skrivekurs | B5: Kurs | C5: 2.25
A6: Arbeid med rapport | B6: Rapport | C6: 5
A7: Sprint møte | B7: Møte | C7: 1
A8: daily stand ups | B8: Møte | C8: 2
A10: Møte med kunde | B10: Møte | C10: 2.5
A11: Studying backend logic | B11: Forskning | C11: 8
A12: Setting up backend logic for mmsi | B12: Backend | C12: 4.5
A19: Ukesum uke 13 | C19: =SUM(C5:C18) -> 25.25
A22: Timeliste | C22: Aleksander
A23: Aktivitet | B23: Kategori | C23: Antall timer
A24: Dokumentarbeid, gå over møtereferat fra forrige møte | B24: Dokumentasjon. | C24: 2
A25: Arbeid med å gjøre sidebar funksjonell Dette krever å gjøre at sidebar kan ha sider og søke funskjonalitet | B25: Frontend | C25: 4
A26: Møte med kunde, der vi gikk gjennom status på prosjektet og hvordan framgang skal være. | B26: Møte | C26: 2.5
A27: Oppsett av fork av kundens repository slik at vi har submodule for å kunne legge til egne endpoints | B27: Backend | C27: 0.5
A28: work on the sidebar component to add the stuff needed while waiting for backend update from daniel | B28: Frontend | C28: 1
A29: make sidebar show actual data from the database | B29: Frontend | C29: 5
A30: Daily stand ups | B30: Møte | C30: 2
A38: =A19 -> Ukesum uke 13 | C38: =SUM(C24:C37) -> 17
A41: Timeliste | C41: "Person nr 3"
A42: Aktivitet | B42: Kategori | C42: Antall timer
A57: =A19 -> Ukesum uke 13 | C57: =SUM(C43:C56) -> 0

Sheet Uke 14
A1: Timelister med statusrapporter | F1: Ukerapport
F2: Daniel: Daniel arbeidet på sprint dokumentasjon, men prmiært på backend funksjonalitet med swagger dokumentasjon og master query som kan skaffe all data basert på en query. han var også med på daily standups Aleksander: Aleksander arbeidet primært med frontent på sidebar komponenten, og var med på daily standups. Overordnet vurdering: Uke 14 var en mindre produktiv uke, grunnet lavere motivasjon i påskeferien.
A3: Timeliste | C3: Daniel
A4: Aktivitet | B4: Kategori | C4: Antall timer
A5: Sprint documentation and meeting | B5: Dokumentasjon / Møte | C5: 2.5
A6: Fixed mmsi query swagger documentation and errors in the code | B6: Backend | C6: 5
A7: Set up master query to be able to handle all variables | B7: Backend | C7: 8
A8: Daily Stand ups | B8: Møte | C8: 1
A19: Ukesum uke 14 | C19: =SUM(C5:C18) -> 16.5
A22: Timeliste | C22: Aleksander
A23: Aktivitet | B23: Kategori | C23: Antall timer
A24: Work on sidebar component, for functionality such as details being displayed for a single item when clicking and creating a component for displaying said item | B24: Frontend | C24: 10
A25: finish sidebar component adding a dropdown menu and different search types | B25: Frontend | C25: 5
A26: Daily stand ups | B26: Møte | C26: 1
A38: =A19 -> Ukesum uke 14 | C38: =SUM(C24:C37) -> 16
A41: Timeliste | C41: "Person nr 3"
A42: Aktivitet | B42: Kategori | C42: Antall timer
A57: =A19 -> Ukesum uke 14 | C57: =SUM(C43:C56) -> 0

Sheet Uke 15
A1: Timelister med statusrapporter | F1: Ukerapport
F2: Daniel jobbet med utvikling av frong og backend kommunikasjon, refaktorering av backend, og skifting av lag med søkefunksjonalitetskomponent. samt var sprint og daily stand ups gjort. og swagger dokumentasjon oppdatert Aleksander jobbet med å få sidebar fungerende. slik at den ikke kaller backend for mange ganger med debouncing. også var det startet arbeid for å få implementer basestasjons visualisering, og dropdown og søkefunksjonalitet for sidebar. samt daily standups. Overordnet vurdering: ny funksjonalitet var lagt til, og fiksing av manglende funksjonalitet til allerede eksisterende deler av prosjektet var positivt. Lite framdrift på rapporten.
A3: Timeliste | C3: "Person nr 1"
A4: Aktivitet | B4: Kategori | C4: Antall timer
A5: Sprint Documentation | B5: Dokumentasjon | C5: 2
A6: Daily stand ups | B6: Møte | C6: 2
A7: Refactored master query to fit within score | B7: Backend | C7: 6
A8: Updated swagger documentation | B8: Backend | C8: 2
A9: Connected front and back end query's | B9: Backend/Frontend | C9: 1
A10: Set up layer swapping on the refactored front end | B10: Frontend | C10: 8
A11: Added search input component | B11: Frontend | C11: 1
A19: Ukesum uke 15 | C19: =SUM(C5:C18) -> 22
A22: Timeliste | C22: Aleksander
A23: Aktivitet | B23: Kategori | C23: Antall timer
A24: Work on sidebar, specifically debouncing and search bar | B24: Frontend | C24: 12
A25: Work on dropdown and different search for sidebar | B25: Frontend | C25: 5
A26: start work on basestations | B26: Frontend | C26: 2
A27: Daily stand ups | B27: Møte | C27: 2
A38: =A19 -> Ukesum uke 15 | C38: =SUM(C24:C37) -> 21
A41: Timeliste | C41: "Person nr 3"
A42: Aktivitet | B42: Kategori | C42: Antall timer
A57: =A19 -> Ukesum uke 15 | C57: =SUM(C43:C56) -> 0

Sheet Uke 16
A1: Timelister med statusrapporter | F1: Ukerapport
F2: Daniel Arbeidet med dokumentasjon denne uken Aleksander jobbet på visualisering av basestasjoner Overordnet vurdering: grunnet eksamen i annet fag, så var det lite tid brukt på prosjektet denne uken.
A3: Timeliste | C3: "Person nr 1"
A4: Aktivitet | B4: Kategori | C4: Antall timer
A5: Work on documentation | B5: Dokumentasjon | C5: 2
A19: Ukesum uke 16 | C19: =SUM(C5:C18) -> 2
A22: Timeliste | C22: Aleksander
A23: Aktivitet | B23: Kategori | C23: Antall timer
A24: Work on visualizing base stations, adding them to map (not finished). | B24: Frontend | C24: 6
A38: =A19 -> Ukesum uke 16 | C38: =SUM(C24:C37) -> 6
A41: Timeliste | C41: "Person nr 3"
A42: Aktivitet | B42: Kategori | C42: Antall timer
A57: =A19 -> Ukesum uke 16 | C57: =SUM(C43:C56) -> 0

Sheet Uke 17
A1: Timelister med statusrapporter | F1: Ukerapport
F2: Daniel jobbet denne uken med satellitt logikk, for å få kalkulasjon av posisjon til å fungere, utenom dette var det brukt tid på møte med kunden og skrivekurs, samt rapportskrivning og daily standups. Aleksander refaktorerte kode, la til individuell anomali gruppe og linjelag for signalstryke. han var også med på daily standup og skrivekurs. Basestasjoner var også implementert. Overordnet vurdering er at denne uken var effektiv på frontend utvikling, med en del tid brukt på møter og bachelor skrivning.
A3: Timeliste | C3: "Person nr 1"
A4: Aktivitet | B4: Kategori | C4: Antall timer
A5: meeting with customer | B5: Møte | C5: 2
A10: Daily standup and discussion about how basestations work. | B10: Møte | C10: 1
A11: Writing course 23.04.2026 | B11: Kurs | C11: 1
A12: Setting up sattelite location calculation logic | B12: Frontend | C12: 8
A13: Trying to connect that logic with the map like basestations | B13: Frontend | C13: 10
A14: Writing Theory chapter bachelor report | B14: Rapport | C14: 5
A15: Daily stand ups | B15: Møte | C15: 1
A19: Ukesum uke 17 | C19: =SUM(C5:C18) -> 28
A22: Timeliste | C22: Aleksander
A23: Aktivitet | B23: Kategori | C23: Antall timer
A24: meeting with customer | B24: Møte | C24: 2
A25: implemented base stations | B25: Frontend | C25: 5
A26: Refactor the activevis code into a context and make clicking an indicidual point change the visualization | B26: Frontend | C26: 5
A27: Make clicking individual anomaly group change visualization to only show that group | B27: Frontend | C27: 6
A28: Add linelayer to anomaly group from each anomaly inside group so that it has a line from its start to the base station that picked up the anomaly, with signal strength coloring | B28: Frontend | C28: 6
A29: Daily standup and guidance on how the solution works for group member | B29: Møte | C29: 1
A30: Writing course 23.04.2026 | B30: Kurs | C30: 1
A31: Daily stand ups | B31: Møte | C31: 1
A38: =A19 -> Ukesum uke 17 | C38: =SUM(C24:C37) -> 27
A41: Timeliste | C41: "Person nr 3"
A42: Aktivitet | B42: Kategori | C42: Antall timer
A57: =A19 -> Ukesum uke 17 | C57: =SUM(C43:C56) -> 0

Sheet Uke 18
A1: Timelister med statusrapporter | F1: Ukerapport
F2: Daniel jobbet med satellitt logikk slik at satellit viser seg på kartet med signalstyrke. han var med på møter med kunde og veileder og daily strand up, og brukte betydelig tid på bachelor rapporten. Aleksander jobbet med polering av frontent, endring av verdier og sjekk at alt fungere, samt med et individuelt anomali lag og knapp som sender deg tilbake til annet lag. samt med effektivisering av liste. det var også utføt dayli stand up og mesteparten av koden var dokumentert. Overordnet vurdering: perioden var produktiv med fokus på ferdigstilling av prototypen, og siste gang med polering
A3: Timeliste | C3: Daniel
A4: Aktivitet | B4: Kategori | C4: Antall timer
A5: Finalizing sattelite connection logic | B5: Frontend | C5: 8
A6: Meeting with customer | B6: Møte | C6: 1.5
A7: Meeting with supervisor | B7: Møte | C7: 1
A8: Work on bachelor report research reading trough other reports | B8: Rapport | C8: 10
A9: Daily stand ups | B9: Møte | C9: 2.5
A19: Ukesum uke 18 | C19: =SUM(C5:C18) -> 23
A22: Timeliste | C22: Aleksander
A23: Aktivitet | B23: Kategori | C23: Antall timer
A24: Write documentation on remaining undocumented code that i created | B24: Dokumentasjon / Frontend | C24: 1.5
A25: Polish, the app, changing values of radius etc. | B25: Frontend | C25: 5
A26: Add individual anomaly layer functionality | B26: Frontend | C26: 1
C27: 5
A28: Meeting with customer | B28: Møte | C28: 1.5
A29: Meeting with supervisor | B29: Møte | C29: 1
A30: Add back button from individual anomaly layer, and virtualization to sidebar | B30: Frontend | C30: 5
A31: Daily stand ups | B31: Møte | C31: 2.5
A38: =A19 -> Ukesum uke 18 | C38: =SUM(C24:C37) -> 22.5
A41: Timeliste | C41: "Person nr 3"
A42: Aktivitet | B42: Kategori | C42: Antall timer
A57: =A19 -> Ukesum uke 18 | C57: =SUM(C43:C56) -> 0

Sheet Uke 19
A1: Timelister med statusrapporter | F1: Ukerapport
F2: Daniel arbeidet med sprint dokumentasjon fra forrige uken, polering av css og mest tid på skrive metode del av rapport. Aleksander brukte hele tiden på å skrive på rapporten i teori og metode, og legfge til bilder. Overordnet vurdering: denne uken var effektiv for prosjekt rapporten.
A3: Timeliste | C3: "Person nr 1"
A4: Aktivitet | B4: Kategori | C4: Antall timer
A5: Sprint documentation and meeting | B5: Dokumentasjon / Møte | C5: 2
A6: Polish of css | B6: Frontend | C6: 5
A7: Fixing viewport issues with flex in css | B7: Frontend | C7: 4
A8: write method section of report | B8: Rapport | C8: 22
A9: Daily stand ups | B9: Møte | C9: 2
A19: Ukesum uke 19 | C19: =SUM(C5:C18) -> 35
A22: Timeliste | C22: Aleksander
A23: Aktivitet | B23: Kategori | C23: Antall timer
A24: Write theory section of report | B24: Rapport | C24: 12
A25: Wrtie method section of report | B25: Rapport | C25: 20
A26: Add images in method and theory, work on formatting in method and theory chapter | B26: Rapport | C26: 2
A28: Daily Stand ups | B28: Møte | C28: 2
A38: =A19 -> Ukesum uke 19 | C38: =SUM(C24:C37) -> 36
A41: Timeliste | C41: "Person nr 3"
A42: Aktivitet | B42: Kategori | C42: Antall timer
A57: =A19 -> Ukesum uke 19 | C57: =SUM(C43:C56) -> 0

Sheet Uke 20-23
A1: Timelister med statusrapporter | F1: Ukerapport
F2: Daniel jobbet i perioden uke 20-23 kun med ferdiggjøring av rapporten og polering. Aleksander Jobber i denne perioden lite på prosjektet der hovedfukset var på å få ferdig rapporten. Det som var lagt til i prosjektet Var noe siste dokumentasjon på prosjektet, og en navneendring på en fil. Overordnet vurdering: denne siste ukene var veldig effektive for å få ferdig prosjektet, der veldig mange timer ble brukt.
A3: Timeliste | C3: "Person nr 1"
A4: Aktivitet | B4: Kategori | C4: Antall timer
A5: Uke 20 writing theory and method chapters and reformated files | B5: Rapport | C5: 25
A6: Uke 20 Working on presentation of bachelor | B6: Rapport | C6: 10
A9: Uke 21 Created diagrams and wrote method and result chapters | B9: Rapport | C9: 30
A10: Uke 22 Polished method, result and discussion | B10: Rapport | C10: 25
A11: Uke 22 Reformated content to better fit red thred theory. | B11: Rapport | C11: 15
A12: Uke 23 Updated abbreviations and terms adding better refrences. | B12: Rapport | C12: 15
A13: Uke 23 Further polished text with small issues. | B13: Rapport | C13: 5
A19: Ukesum uke 20-23 | C19: =SUM(C5:C18) -> 125
A22: Timeliste | C22: "Person nr 2"
A23: Aktivitet | B23: Kategori | C23: Antall timer
A25: uke 20 Add an info component when pressing individual anomalies in idividual anomaly layer | B25: Frontend | C25: 2.5
A26: uke 20 gjøre ferdig utkast av resultat legge til teori. arbeidet på bachelor presentasjon. | B26: Rapport | C26: 21
A27: uke 21 skrive uferdige seksjoner i flere kapitler, sitere skikkelig referanser. skrive i diskusjon, skrive sammendragene. | B27: Rapport | C27: 25
A28: uke 22 lag readme for prosjektet, legg til forkortelse og vilkårliste, polere teori, metode, introduksjon, sammendrag og konklusjon | B28: Rapport | C28: 43
A29: uke 23, siste polering av deler.: konklusjon og bærekraft siste gjennomgang av prosjektet. Endret et filnavn på prosjektet Dagene var brukt på finpuss og levering. | B29: Rapport / Frontend | C29: 14
A38: Ukesum uke 20-23 | C38: =SUM(C24:C37) -> 105.5
A41: Timeliste | C41: "Person nr 3"
A42: Aktivitet | B42: Kategori | C42: Antall timer
A57: =A19 -> Ukesum uke 20-23 | C57: =SUM(C43:C56) -> 0
